Time,Lateral,Vertical,Longitudinal
0,0.00192,1.00981,-0.00451
0.02,0.0022,1.01028,-0.00517
0.04,0.00093,1.0102,-0.00672
0.06,0.00122,1.0068,-0.00507
0.08,0.00077,1.01101,-0.00661
0.1,0.0009,1.00794,-0.0055
0.12,0.00114,1.00613,-0.00674
0.14,0.0018,1.01167,-0.00846
0.16,0.00184,1.01023,-0.00915
0.18,0.00092,1.01147,-0.01069
0.2,0.00085,1.00767,-0.01031
0.22,-0.00043,1.01014,-0.01176
0.24,-0.0005,1.00907,-0.01152
0.26,0.00018,1.00678,-0.01112
0.28,0.00092,1.0114,-0.01341
0.3,0.00107,1.00875,-0.01241
0.32,0.00099,1.01006,-0.01371
0.34,0.00023,1.01087,-0.01368
0.36,-0.0014,1.00856,-0.01224
0.38,-0.00139,1.00799,-0.01134
0.4,-0.00092,1.00701,-0.01
0.42,0.00057,1.01121,-0.01018
0.44,0.00159,1.00935,-0.01063
0.46,0.00244,1.00961,-0.01043
0.48,0.00209,1.00949,-0.01146
0.5,0.00012,1.01013,-0.0102
0.52,-0.00034,1.00839,-0.00972
0.54,-0.0008,1.00759,-0.00885
0.56,0.0003,1.00827,-0.0081
0.58,0.00179,1.01053,-0.0088
0.6,0.00258,1.01115,-0.00852
0.62,0.00275,1.00751,-0.01034
0.64,0.00034,1.00996,-0.01081
0.66,-0.00032,1.009,-0.00866
0.68,-0.00198,1.00624,-0.00862
0.7,-0.00066,1.00924,-0.00701
0.72,0.00092,1.00911,-0.00795
0.74,0.00141,1.01096,-0.00804
0.76,0.00199,1.00796,-0.00993
0.78,0.00041,1.01004,-0.00987
0.8,-0.00023,1.00889,-0.00859
0.82,-0.00147,1.00551,-0.00843
0.84,-0.00077,1.0103,-0.00714
0.86,0.00126,1.00902,-0.00677
0.88,0.00128,1.00969,-0.00728
0.9,0.00216,1.0082,-0.00895
0.92,0.0009,1.01075,-0.00862
0.94,0.0002,1.00887,-0.00741
0.96,-0.00075,1.00636,-0.00661
0.98,0.00005,1.01074,-0.00476
1,0.00149,1.00923,-0.00478
1.02,0.00125,1.01022,-0.0054
1.04,0.00301,1.00836,-0.0057
1.06,0.00195,1.01148,-0.0059
1.08,0.00011,1.0104,-0.00493
1.1,-0.00027,1.00769,-0.00345
1.12,0.00045,1.01096,-0.00156
1.14,0.00129,1.01089,-0.00115
1.16,0.00181,1.01099,-0.00181
1.18,0.00346,1.00765,-0.00215
1.2,0.00258,1.01225,-0.00409
1.22,0.0013,1.01064,-0.00214
1.24,0.00077,1.00737,-0.00106
1.26,0.00027,1.01093,-0.00007
1.28,-0.00009,1.00985,-0.0001
1.3,0.00049,1.00839,-0.00091
1.32,0.0015,1.00909,-0.00155
1.34,0.00137,1.01024,-0.00204
1.36,0.00075,1.00834,-0.00252
1.38,0.00096,1.00685,-0.00174
1.4,0.00054,1.01131,-0.00196
1.42,0,1.00869,-0.00036
1.44,0.0007,1.00743,-0.00085
1.46,0.00148,1.00896,-0.00177
1.48,0.0019,1.00991,-0.00205
1.5,0.00238,1.00878,-0.00176
1.52,0.00303,1.0071,-0.00113
1.54,0.00246,1.01016,-0.00211
1.56,0.00129,1.00971,-0.00132
1.58,0.00127,1.00774,-0.00081
1.6,0.00074,1.00894,-0.00183
1.62,0.00137,1.00868,-0.00173
1.64,0.00235,1.00913,-0.00121
1.66,0.00322,1.00859,-0.00119
1.68,0.00291,1.0094,-0.00137
1.7,0.0016,1.00907,-0.00147
1.72,0.001,1.00838,-0.0015
1.74,0.00097,1.0104,-0.00134
1.76,0.00159,1.00787,-0.00024
1.78,0.00211,1.00889,-0.00042
1.8,0.00275,1.00932,-0.00091
1.82,0.00312,1.00947,-0.0009
1.84,0.00258,1.00974,-0.00109
1.86,0.00204,1.00844,-0.00088
1.88,0.00103,1.00944,-0.0008
1.9,0.00065,1.00903,-0.0005
1.92,0.00107,1.00867,-0.00069
1.94,0.00192,1.00892,-0.00049
1.96,0.00199,1.00889,-0.00078
1.98,0.0015,1.00924,-0.0018
2,0.0011,1.0087,-0.00171
2.02,0.00089,1.00917,-0.00123
2.04,0.00056,1.00868,-0.00011
2.06,0.00059,1.00893,0.00004
2.08,0.00092,1.00902,-0.00052
2.1,0.00161,1.0089,-0.00113
2.12,0.00224,1.00937,-0.00181
2.14,0.00247,1.00959,-0.00121
2.16,0.00227,1.00906,-0.00085
2.18,0.00212,1.00881,-0.00006
2.2,0.00214,1.00888,0.00005
2.22,0.00253,1.00947,-0.00022
2.24,0.00249,1.00915,-0.00047
2.26,0.00229,1.00881,-0.00184
2.28,0.00227,1.0097,-0.00164
2.3,0.00208,1.00999,-0.00204
2.32,0.00162,1.00779,-0.00249
2.34,0.00225,1.00936,-0.00311
2.36,0.00245,1.00951,-0.0043
2.38,0.00242,1.00919,-0.00586
2.4,0.00317,1.01,-0.00516
2.42,0.00366,1.00814,-0.00103
2.44,0.00304,1.00622,0.00296
2.46,0.0002,1.00681,-0.00516
2.48,-0.00038,1.00525,0.00627
2.5,0.00023,1.00329,0.00516
2.52,-0.00224,1.00073,0.00807
2.54,-0.00072,1.00974,0.01462
2.56,0.00164,1.00166,0.01787
2.58,0.0014,1.00621,0.02195
2.6,0.00071,1.00945,0.02455
2.62,0.00153,1.00472,0.02711
2.64,0.00081,1.01276,0.02517
2.66,0.00141,1.0108,0.02537
2.68,0.00246,1.01783,0.03393
2.7,0.00425,1.01715,0.0255
2.72,0.00281,1.01317,0.02461
2.74,0.00197,1.01953,0.017
2.76,0.00308,1.01131,0.01227
2.78,0.00104,1.01469,0.00779
2.8,-0.00019,1.01057,0.00313
2.82,0.0017,1.00851,0.00371
2.84,0.00077,1.01372,-0.00107
2.86,0.00005,1.00572,-0.00483
2.88,0.00002,1.00901,-0.00755
2.9,0.00228,1.0043,-0.00692
2.92,0.00144,1.00362,-0.00777
2.94,0.00138,1.0117,-0.00499
2.96,0.00534,1.00507,0.00177
2.98,0.00286,1.0083,0.00203
3,0.00199,1.01038,0.00616
3.02,0.00356,1.00972,0.00864
3.04,0.00308,1.01023,0.00775
3.06,0.00343,1.00758,0.00911
3.08,0.00389,1.01053,0.00861
3.1,0.00474,1.00989,0.00694
3.12,0.00439,1.0063,0.00553
3.14,0.00462,1.01152,0.0046
3.16,0.00465,1.00696,0.00454
3.18,0.00362,1.00925,0.00294
3.2,0.00237,1.00956,0.00158
3.22,0.00314,1.00721,0.00047
3.24,0.0023,1.01076,-0.00095
3.26,0.0025,1.00625,-0.00129
3.28,0.0018,1.01008,-0.00238
3.3,0.003,1.00878,-0.00067
3.32,0.00249,1.00804,-0.00053
3.34,0.00184,1.0102,-0.00031
3.36,0.00099,1.00789,0.00035
3.38,0.00104,1.009,-0.00006
3.4,0.00121,1.00999,0.00005
3.42,0.00198,1.00711,-0.00033
3.44,0.00138,1.01065,-0.00093
3.46,0.00196,1.00841,-0.0007
3.48,0.00177,1.0092,-0.00173
3.5,0.00068,1.00881,-0.0012
3.52,0.0011,1.00806,-0.00092
3.54,0.00052,1.01028,-0.00106
3.56,0.00081,1.00839,-0.00018
3.58,0.00044,1.00867,-0.00048
3.6,0.00049,1.00957,-0.00075
3.62,-0.00013,1.00859,-0.00075
3.64,-0.00022,1.00967,-0.00051
3.66,0.00027,1.00867,-0.00038
3.68,-0.00006,1.00747,0.00012
3.7,-0.00066,1.01097,0.00101
3.72,0.00036,1.00873,0.00103
3.74,-0.00023,1.0086,0.00056
3.76,-0.00068,1.00983,0.00067
3.78,-0.00045,1.00915,0.00069
3.8,-0.00013,1.01001,0.00049
3.82,0.0006,1.00885,0.00039
3.84,0.00113,1.00997,0.00015
3.86,0.00177,1.01011,0.00014
3.88,0.00071,1.01032,0.00043
3.9,-0.00028,1.01065,0.00017
3.92,-0.00174,1.00958,0.0001
3.94,-0.00345,1.01052,0.00076
3.96,-0.00459,1.01162,0.00171
3.98,-0.00477,1.00959,0.00258
4,-0.00484,1.01033,0.00218
4.02,-0.00466,1.00939,0.00169
4.04,-0.00539,1.01041,0.00204
4.06,-0.00551,1.00932,0.00283
4.08,-0.0062,1.00851,0.00297
4.1,-0.00664,1.0079,0.00249
4.12,-0.00654,1.00831,0.00359
4.14,-0.00555,1.00813,0.0036
4.16,-0.00465,1.00727,0.00291
4.18,-0.0041,1.00732,0.00289
4.2,-0.00312,1.00707,0.00279
4.22,-0.00325,1.00787,0.0026
4.24,-0.00322,1.00795,0.00308
4.26,-0.00329,1.00728,0.00275
4.28,-0.00403,1.00741,0.00244
4.3,-0.00282,1.00755,0.0026
4.32,-0.00208,1.00874,0.00283
4.34,-0.00127,1.00883,0.00253
4.36,-0.00129,1.00748,0.00233
4.38,-0.00122,1.0096,0.00241
4.4,-0.00102,1.00925,0.00307
4.42,-0.00165,1.00928,0.0032
4.44,-0.00222,1.0092,0.00293
4.46,-0.00184,1.0088,0.00376
4.48,-0.00162,1.01034,0.0039
4.5,-0.00101,1.00907,0.0035
4.52,-0.00214,1.01026,0.00446
4.54,-0.00195,1.00998,0.00486
4.56,-0.00207,1.00876,0.0045
4.58,-0.00197,1.01087,0.00505
4.6,-0.0018,1.00923,0.00525
4.62,-0.00206,1.00886,0.00443
4.64,-0.0019,1.00916,0.00384
4.66,-0.00086,1.00901,0.00459
4.68,-0.00058,1.00973,0.00371
4.7,-0.00051,1.00833,0.00368
4.72,-0.00043,1.01007,0.00425
4.74,-0.00001,1.00919,0.00338
4.76,-0.00047,1.00905,0.00337
4.78,-0.00067,1.00997,0.00349
4.8,-0.00096,1.00887,0.00308
4.82,-0.00141,1.00891,0.00311
4.84,-0.00144,1.00984,0.00313
4.86,-0.00099,1.00957,0.00332
4.88,-0.00147,1.00914,0.00335
4.9,-0.00268,1.00912,0.00303
4.92,-0.00209,1.00936,0.00343
4.94,-0.00214,1.00945,0.00261
4.96,-0.00196,1.00911,0.00281
4.98,-0.00158,1.00901,0.00183
5,-0.00132,1.00943,0.00107
5.02,-0.00071,1.00995,0.00144
5.04,-0.00018,1.00961,0.00153
5.06,-0.0006,1.00912,0.00135
5.08,-0.00156,1.00965,0.00141
5.1,-0.00199,1.01033,0.00102
5.12,-0.00186,1.00947,0.00111
5.14,-0.00241,1.00978,0.00074
5.16,-0.00207,1.00911,0.00113
5.18,-0.00243,1.00962,0.00061
5.2,-0.00242,1.00958,0.00079
5.22,-0.00219,1.00901,0.00075
5.24,-0.00273,1.00856,0.00002
5.26,-0.00325,1.00923,-0.00027
5.28,-0.00288,1.0092,-0.0003
5.3,-0.00244,1.00908,-0.00034
5.32,-0.00245,1.00874,-0.00005
5.34,-0.00214,1.00894,0.00017
5.36,-0.00249,1.00917,0.00014
5.38,-0.00269,1.00898,0.0002
5.4,-0.0023,1.00933,0.00017
5.42,-0.00238,1.00943,0.00019
5.44,-0.00274,1.00907,0.00069
5.46,-0.00231,1.00959,0.00116
5.48,-0.00179,1.00903,0.00138
5.5,-0.0019,1.00877,0.00133
5.52,-0.00237,1.00911,0.00078
5.54,-0.00216,1.00864,0.00029
5.56,-0.00229,1.00944,0.0001
5.58,-0.00162,1.00862,0.00017
5.6,-0.00145,1.00856,-0.00004
5.62,-0.00173,1.00847,0.00005
5.64,-0.00163,1.0083,0.00038
5.66,-0.0018,1.00865,0.00009
5.68,-0.0024,1.00822,-0.00025
5.7,-0.00264,1.00881,-0.0003
5.72,-0.0026,1.00902,0.00002
5.74,-0.00234,1.00829,0.00069
5.76,-0.00209,1.0092,0.00069
5.78,-0.00186,1.00874,0.00058
5.8,-0.00194,1.0092,0.00022
5.82,-0.00202,1.00942,0.00008
5.84,-0.00206,1.00887,0.00006
5.86,-0.00266,1.00948,0.00003
5.88,-0.00253,1.00941,0.00076
5.9,-0.0027,1.00924,0.00119
5.92,-0.00307,1.00909,0.00118
5.94,-0.00328,1.00909,0.00082
5.96,-0.00283,1.00946,0.00022
5.98,-0.00269,1.00915,-0.00013
6,-0.00206,1.00898,-0.00001
6.02,-0.00204,1.00899,0.00036
6.04,-0.00185,1.00885,0.00051
6.06,-0.002,1.00956,0.0003
6.08,-0.00169,1.00891,0.00014
6.1,-0.00162,1.00913,-0.00047
6.12,-0.00145,1.00917,-0.00074
6.14,-0.00117,1.00933,-0.00072
6.16,-0.0007,1.00924,-0.00049
6.18,-0.00052,1.0091,-0.00034
6.2,-0.0007,1.00899,-0.00017
6.22,-0.00133,1.00925,-0.00027
6.24,-0.00141,1.00936,-0.00033
6.26,-0.00177,1.00935,-0.00013
6.28,-0.0018,1.00887,-0.00005
6.3,-0.00167,1.0093,0.00004
6.32,-0.00141,1.00896,0.00023
6.34,-0.00082,1.0096,0.00006
6.36,-0.00097,1.00899,-0.00006
6.38,-0.00133,1.00916,-0.00029
6.4,-0.00149,1.00944,-0.00022
6.42,-0.00132,1.00921,-0.00009
6.44,-0.00149,1.00918,0.0001
6.46,-0.0014,1.00847,-0.00053
6.48,-0.00016,1.00933,-0.00068
6.5,0.00023,1.00942,-0.0004
6.52,-0.00045,1.00894,-0.00047
6.54,-0.00173,1.00898,-0.00059
6.56,-0.00246,1.00867,-0.00015
6.58,-0.00248,1.00934,0.00018
6.6,-0.00238,1.00928,0.00044
6.62,-0.00259,1.00872,0.00052
6.64,-0.00257,1.00948,0.00003
6.66,-0.00169,1.0094,-0.0004
6.68,-0.00146,1.00956,0.00009
6.7,-0.00286,1.00898,0.00031
6.72,-0.00348,1.00907,0.00054
6.74,-0.00362,1.00929,0.00088
6.76,-0.0028,1.00918,0.00109
6.78,-0.00236,1.00922,0.00071
6.8,-0.00186,1.00897,0.00035
6.82,-0.00142,1.00891,0.00004
6.84,-0.0013,1.0096,-0.00019
6.86,-0.0014,1.00892,0.00041
6.88,-0.00218,1.00885,0.00108
6.9,-0.00307,1.00918,0.0012
6.92,-0.00334,1.0092,0.00121
6.94,-0.00352,1.00934,0.00107
6.96,-0.00298,1.00934,0.00085
6.98,-0.00237,1.00939,0.00037
7,-0.00174,1.00936,0.00024
7.02,-0.00157,1.00928,0.00012
7.04,-0.00186,1.00912,0.0001
7.06,-0.00222,1.00887,0.00053
7.08,-0.00258,1.00877,0.00071
7.1,-0.00276,1.00915,0.00034
7.12,-0.00276,1.00906,0.00032
7.14,-0.00231,1.00888,0.00054
7.16,-0.00178,1.00864,0.00055
7.18,-0.00142,1.00876,0.00028
7.2,-0.00151,1.00888,0.00022
7.22,-0.00196,1.00893,0.00016
7.24,-0.00241,1.00893,0.00037
7.26,-0.00265,1.00904,0.00078
7.28,-0.00292,1.00906,0.00079
7.3,-0.00335,1.0094,0.0007
7.32,-0.00362,1.00917,0.00103
7.34,-0.00318,1.00903,0.00108
7.36,-0.00292,1.00921,0.00055
7.38,-0.00258,1.00941,-0.00008
7.4,-0.00249,1.00938,0
7.42,-0.00247,1.00929,0.00045
7.44,-0.00262,1.00918,0.00099
7.46,-0.00277,1.00906,0.00162
7.48,-0.00263,1.00973,0.00456
7.5,-0.00118,1.00967,0.01165
7.52,0.00243,1.00974,0.02686
7.54,0.0073,1.00987,0.05041
7.56,0.01329,1.00958,0.08638
7.58,0.02077,1.01022,0.13479
7.6,0.02875,1.013,0.19741
7.62,0.03837,1.01717,0.27424
7.64,0.04592,1.01722,0.36936
7.66,0.05046,1.02201,0.48233
7.68,0.05314,1.03298,0.61638
7.7,0.04946,1.04004,0.76861
7.72,0.03767,1.04691,0.94456
7.74,0.00886,1.06486,1.13444
7.76,-0.0348,1.06174,1.32454
7.78,-0.06429,1.06752,1.51926
7.8,-0.09171,1.05427,1.69921
7.82,-0.10993,1.07159,1.86377
7.84,-0.12833,1.0744,2.00609
7.86,-0.1296,1.08106,2.14181
7.88,-0.11572,1.08954,2.24946
7.9,-0.12763,1.08692,2.33002
7.92,-0.12192,1.07252,2.40541
7.94,-0.14825,1.09819,2.43023
7.96,-0.1275,1.07506,2.44153
7.98,-0.1178,1.08797,2.42832
8,-0.10297,1.07874,2.3701
8.02,-0.08264,1.10112,2.3062
8.04,-0.06617,1.08041,2.21475
8.06,-0.05083,1.07097,2.14165
8.08,-0.04348,1.06735,2.04373
8.1,-0.06333,1.03986,1.95319
8.12,-0.04616,1.04897,1.88636
8.14,-0.05116,1.04988,1.77699
8.16,-0.02367,1.02104,1.71343
8.18,-0.01915,1.03782,1.65418
8.2,0.01537,1.02468,1.6072
8.22,0.03324,1.0363,1.59193
8.24,0.03725,1.02827,1.59251
8.26,0.02552,1.04112,1.64216
8.28,0.01552,1.02764,1.67863
8.3,0.00019,1.02968,1.73578
8.32,-0.01587,1.05654,1.78747
8.34,-0.03224,1.05732,1.82959
8.36,-0.02976,1.06426,1.90288
8.38,-0.01566,1.05976,1.95218
8.4,-0.01623,1.05501,1.99067
8.42,-0.02546,1.0566,2.01614
8.44,-0.04661,1.05862,2.04478
8.46,-0.06074,1.03223,2.0683
8.48,-0.05023,1.06952,2.06893
8.5,-0.04459,1.09324,2.0687
8.52,-0.04939,1.08328,2.0649
8.54,-0.02937,1.07488,2.04163
8.56,-0.02458,1.06097,2.01499
8.58,-0.04319,1.06471,1.97757
8.6,-0.03548,1.0606,1.93226
8.62,-0.02092,1.09204,1.87628
8.64,0.00068,1.07566,1.86135
8.66,0.0227,1.05109,1.84797
8.68,0.03439,1.03417,1.79819
8.7,0.0478,0.99449,1.77867
8.72,0.062,1.04309,1.75373
8.74,0.0539,1.03157,1.69061
8.76,-0.01828,1.03569,1.72688
8.78,-0.02974,1.06347,1.69845
8.8,-0.03662,1.03987,1.72084
8.82,-0.04522,1.02043,1.76759
8.84,-0.02507,1.00765,1.78779
8.86,-0.02526,1.04632,1.77191
8.88,-0.03699,1.05444,1.78792
8.9,-0.04349,1.08726,1.81494
8.92,-0.05375,1.09647,1.83699
8.94,-0.07076,1.06151,1.87555
8.96,-0.09178,1.07096,1.91782
8.98,-0.05279,1.05944,1.88626
9,-0.0373,0.98777,1.92953
9.02,-0.00786,1.00176,1.91553
9.04,-0.0031,1.05586,1.86914
9.06,-0.01147,1.10924,1.84707
9.08,-0.01757,1.0691,1.84012
9.1,-0.03487,1.0594,1.81005
9.12,-0.00739,1.0441,1.81472
9.14,-0.01825,1.04344,1.79517
9.16,-0.01513,1.02487,1.7648
9.18,-0.01012,1.03333,1.77078
9.2,0.00538,1.03248,1.74238
9.22,0.0064,1.12437,1.69742
9.24,0.00368,1.10627,1.66501
9.26,-0.02474,1.05979,1.67618
9.28,-0.06372,0.95735,1.71209
9.3,-0.02763,0.99516,1.7688
9.32,0.02582,0.98481,1.77127
9.34,-0.0147,1.07008,1.75124
9.36,-0.0351,1.1493,1.70826
9.38,-0.07851,1.08585,1.70844
9.4,-0.13169,1.05655,1.71111
9.42,-0.11032,1.03304,1.73264
9.44,-0.07152,0.98408,1.76019
9.46,-0.05134,1.03776,1.78228
9.48,-0.00493,1.05467,1.78356
9.5,0.04591,1.15089,1.77806
9.52,0.07129,1.12285,1.70462
9.54,0.05283,1.1429,1.70287
9.56,0.04732,1.07808,1.68027
9.58,0.01949,0.92803,1.67408
9.6,0.02018,1.01653,1.70598
9.62,0.05254,1.05044,1.66749
9.64,-0.00282,1.18064,1.62953
9.66,-0.04011,1.17247,1.62953
9.68,-0.04808,1.12412,1.65599
9.7,-0.03258,1.06561,1.65956
9.72,0.00424,0.94902,1.61353
9.74,-0.04618,0.94954,1.60393
9.76,-0.02409,0.94924,1.58251
9.78,-0.02828,1.04049,1.60182
9.8,-0.00443,1.16217,1.59057
9.82,0.01894,1.10039,1.58794
9.84,0.00725,1.1489,1.62606
9.86,0.09007,1.10156,1.71287
9.88,0.07524,1.04586,1.68106
9.9,0.06531,1.01632,1.64446
9.92,0.05299,1.15497,1.5872
9.94,-0.03557,1.22722,1.54707
9.96,-0.00596,1.22784,1.64247
9.98,-0.06743,1.25178,1.68246
10,-0.09306,1.11404,1.65361
10.02,-0.13694,1.07864,1.66019
10.04,-0.13336,1.1243,1.59619
10.06,-0.08759,1.07846,1.57286
10.08,-0.12706,1.03803,1.4714
10.1,-0.08335,1.11282,1.50348
10.12,-0.03495,1.17365,1.55661
10.14,0.01738,1.0244,1.59159
10.16,0.02361,0.98584,1.61196
10.18,-0.12391,1.04097,1.4107
10.2,-0.15215,1.08135,1.38236
10.22,-0.15626,1.18166,1.47518
10.24,-0.03799,1.15048,1.64513
10.26,0.00184,1.05299,1.67418
10.28,0.0284,1.00866,1.59053
10.3,0.01679,1.00654,1.53631
10.32,0.02803,0.99164,1.5304
10.34,-0.04301,1.09598,1.46185
10.36,-0.01824,1.27337,1.50664
10.38,0.03999,1.22902,1.52142
10.4,-0.03281,1.1587,1.59769
10.42,-0.04191,1.09258,1.60487
10.44,-0.02384,0.95671,1.52274
10.46,-0.0669,0.99811,1.44206
10.48,-0.05499,1.24519,1.44703
10.5,0.04884,1.28943,1.40086
10.52,0.15439,1.2272,1.48885
10.54,0.07081,1.16692,1.44329
10.56,-0.01281,1.07113,1.44821
10.58,-0.24876,1.02897,1.35134
10.6,-0.31486,1.16684,1.45994
10.62,-0.15251,1.20314,1.55186
10.64,-0.14857,1.16915,1.48997
10.66,-0.05479,1.14301,1.41332
10.68,0.0045,0.96718,1.2056
10.7,0.0115,0.94148,1.04068
10.72,-0.04682,1.0419,0.82641
10.74,-0.05636,1.03791,0.56371
10.76,-0.05639,1.08594,0.51362
10.78,0.04466,0.974,0.38051
10.8,0.22032,0.89301,0.27284
10.82,0.25715,0.84608,0.02783
10.84,0.30505,0.8589,-0.20618
10.86,0.34921,0.98418,-0.31207
10.88,0.20289,1.05514,-0.44884
10.9,-0.02316,1.19841,-0.48412
10.92,-0.18338,1.12408,-0.41416
10.94,-0.27993,1.03384,-0.14568
10.96,-0.3026,1.03381,-0.01282
10.98,-0.19036,0.96487,-0.09342
11,-0.16971,0.9851,-0.19181
11.02,-0.16819,1.04673,-0.26201
11.04,-0.04268,1.10716,-0.33502
11.06,-0.11727,1.21456,-0.23312
11.08,-0.16828,1.10486,-0.19729
11.1,-0.07615,1.11593,-0.0765
11.12,-0.03185,0.96374,-0.05548
11.14,0.19894,0.93415,-0.01822
11.16,0.21635,0.98393,-0.06168
11.18,0.1642,1.12879,-0.00047
11.2,0.02586,1.20426,-0.15192
11.22,0.17871,1.20442,-0.09945
11.24,0.17091,1.19353,-0.06727
11.26,0.02924,1.08726,0.03249
11.28,0.02771,0.91412,0.03297
11.3,-0.00669,1.01556,-0.02453
11.32,0.09756,1.03846,-0.12929
11.34,0.26295,1.12929,-0.11599
11.36,0.05172,1.03655,-0.26351
11.38,0.10039,0.85076,-0.22979
11.4,0.13231,0.69282,-0.18261
11.42,0.24634,0.82646,-0.01812
11.44,0.09629,0.92038,-0.18269
11.46,0.08323,0.95147,-0.21721
11.48,0.00669,1.01556,-0.15705
11.5,0.00487,1.08998,-0.12848
11.52,0.13898,1.00309,-0.02086
11.54,-0.03986,0.92849,0.07834
11.56,0.00341,0.87593,0.10871
11.58,0.10215,0.93823,0.05209
11.6,0.20178,1.09667,-0.06672
11.62,0.08684,1.16655,-0.28374
11.64,-0.09022,1.13187,-0.26023
11.66,-0.21255,1.16247,0.02739
11.68,-0.33616,1.06661,0.05562
11.7,-0.14337,0.84641,-0.012
11.72,-0.07898,0.73374,-0.03204
11.74,-0.10093,0.83685,-0.10105
11.76,0.05003,1.01116,-0.1408
11.78,-0.01611,1.15742,-0.12491
11.8,-0.10485,1.07167,-0.12305
11.82,-0.21094,0.96228,-0.06348
11.84,-0.15572,0.84346,-0.01196
11.86,0.04389,0.6494,0.03336
11.88,0.23208,0.63289,0.00228
11.9,0.41234,0.74894,0.07038
11.92,0.19099,1.03806,-0.13401
11.94,0.14844,1.26074,-0.20749
11.96,-0.04558,1.18585,-0.24148
11.98,-0.25018,1.03601,-0.16861
12,-0.30142,0.99565,-0.18036
12.02,-0.10405,0.97511,-0.12492
12.04,-0.00682,0.85994,-0.03372
12.06,0.03071,1.0804,0.07396
12.08,-0.03941,1.3105,0.06879
12.1,-0.12526,1.22167,-0.06242
12.12,-0.14445,1.13013,-0.128
12.14,-0.10044,1.02914,0.109
12.16,-0.21298,0.92412,0.15687
12.18,-0.08341,0.85684,0.22045
12.2,-0.02694,0.86395,0.14937
12.22,-0.0188,0.81931,0.2026
12.24,-0.15005,0.99816,0.25876
12.26,-0.17784,1.10843,0.18433
12.28,-0.05557,1.09544,0.08972
12.3,0.09106,1.10088,0.02422
12.32,0.15719,1.17517,-0.02916
12.34,-0.01698,1.20482,-0.05159
12.36,0.06388,1.21229,0.00171
12.38,0.10262,1.13701,0.07466
12.4,0.2044,1.13202,0.17296
12.42,0.35891,1.15179,0.14365
12.44,0.24697,1.19024,-0.07197
12.46,0.3766,1.12547,0.02168
12.48,0.27364,1.257,0.05539
12.5,0.14481,1.34676,0.1238
12.52,-0.04121,1.21609,0.09275
12.54,-0.13512,1.17225,0.22059
12.56,-0.00274,1.13708,0.24986
12.58,-0.03576,1.13653,0.17987
12.6,0.15203,1.24244,0.19958
12.62,0.11892,1.44878,0.09936
12.64,0.03029,1.60905,0.11285
12.66,0.22164,1.57792,0.20101
12.68,0.09435,1.6793,0.06176
12.7,0.18579,1.66785,0.00928
12.72,0.24428,1.48043,0.07021
12.74,0.37534,1.71736,0.15531
12.76,0.33224,1.91261,0.05996
12.78,0.25343,2.15258,0.12581
12.8,0.14501,2.30999,0.19802
12.82,0.1128,2.69681,0.15865
12.84,0.17245,2.73206,0.17215
12.86,0.28348,2.6013,0.24524
12.88,0.16676,3.06407,0.40675
12.9,0.14532,3.40271,0.42867
12.92,0.08084,3.64748,0.36579
12.94,-0.00418,3.85535,0.31495
12.96,-0.01693,4.14196,0.45525
12.98,0.1572,4.10468,0.77714
13,0.1393,4.14254,0.81436
13.02,0.078,4.25064,0.63375
13.04,-0.05496,4.20012,0.49589
13.06,-0.12518,4.39232,0.62284
13.08,-0.22543,4.79209,0.72878
13.1,-0.10338,4.61521,0.69975
13.12,-0.06215,4.52697,0.73297
13.14,-0.03785,4.5988,0.85456
13.16,0.00393,4.72288,0.8454
13.18,-0.09884,4.33371,0.64338
13.2,-0.25044,4.64952,0.49365
13.22,-0.11516,4.8376,0.52825
13.24,0.13135,4.64961,0.65443
13.26,0.17656,4.77296,0.89196
13.28,0.23398,4.59073,0.788
13.3,0.23332,4.44236,0.649
13.32,0.11003,4.64317,0.58289
13.34,0.0755,4.53709,0.56302
13.36,0.05033,4.53028,0.60623
13.38,0.09106,4.64766,0.77068
13.4,0.0519,4.75164,0.83904
13.42,0.03246,4.5391,0.83823
13.44,-0.08505,4.40811,0.84734
13.46,-0.16237,4.72719,0.88154
13.48,-0.17636,4.51051,0.78381
13.5,-0.25472,4.45211,0.73916
13.52,-0.33447,4.73599,0.79589
13.54,-0.20997,4.59135,0.84958
13.56,-0.20932,4.43505,0.87244
13.58,-0.26722,4.46704,0.93655
13.6,-0.22217,4.36069,0.82249
13.62,-0.11979,4.51045,0.9007
13.64,-0.12135,4.46508,0.84582
13.66,-0.2189,4.2663,0.68192
13.68,-0.32584,4.27767,0.61907
13.7,-0.16007,4.45985,0.71687
13.72,-0.12378,4.47447,0.7703
13.74,-0.07504,4.13746,0.84655
13.76,-0.21669,4.2845,0.86992
13.78,-0.15178,4.43587,0.76323
13.8,-0.18011,4.23851,0.61107
13.82,-0.44336,4.42374,0.71783
13.84,-0.4725,4.14879,0.60349
13.86,-0.48792,4.3304,0.61553
13.88,-0.20925,4.6491,0.93625
13.9,-0.1168,4.44536,1.00748
13.92,-0.3273,4.13614,0.78542
13.94,-0.39395,4.46748,0.77204
13.96,-0.25765,4.47726,0.72307
13.98,-0.14144,4.3344,0.75174
14,-0.15885,4.32411,0.93214
14.02,-0.03727,4.51313,0.97569
14.04,0.1763,4.16537,0.80434
14.06,0.10812,4.29777,0.80958
14.08,0.07015,4.3362,0.89575
14.1,-0.13003,4.11939,0.62644
14.12,-0.25418,4.1923,0.62623
14.14,-0.2911,4.54395,0.94101
14.16,-0.27562,4.15948,0.9339
14.18,-0.40922,4.10411,0.80889
14.2,-0.39823,4.19662,0.80839
14.22,-0.30883,4.19032,0.81459
14.24,-0.29641,3.90723,0.75769
14.26,-0.37853,3.9703,0.78697
14.28,-0.22041,3.91092,0.87149
14.3,-0.06034,3.69227,0.76534
14.32,0.05183,3.75281,0.79777
14.34,0.09927,3.64086,0.75848
14.36,0.00758,3.27538,0.51806
14.38,-0.1104,3.33268,0.58914
14.4,-0.08993,3.32877,0.79381
14.42,-0.13814,3.14824,0.81093
14.44,-0.27156,3.04464,0.71555
14.46,-0.33316,3.08904,0.69359
14.48,-0.32021,2.93664,0.59275
14.5,-0.43847,2.95975,0.51184
14.52,-0.41571,2.90515,0.61307
14.54,-0.40581,2.61175,0.65846
14.56,-0.25099,2.53417,0.67686
14.58,-0.09412,2.53233,0.72442
14.6,0.05275,2.39787,0.56792
14.62,0.00419,2.25775,0.38214
14.64,-0.07693,2.14128,0.3681
14.66,-0.04735,1.99483,0.42004
14.68,-0.08959,1.85485,0.46619
14.7,-0.08366,1.76348,0.52817
14.72,-0.04202,1.56065,0.50626
14.74,-0.13636,1.46491,0.38159
14.76,-0.15455,1.45404,0.3691
14.78,-0.22679,1.35274,0.34946
14.8,-0.17053,1.1599,0.27854
14.82,-0.1291,1.13248,0.27806
14.84,-0.05193,1.17945,0.32429
14.86,0.04305,1.11777,0.19318
14.88,0.07507,1.1644,0.14769
14.9,0.13842,1.12769,0.13212
14.92,0.11374,1.12697,0.14106
14.94,0.05443,1.08516,0.15369
14.96,0.05567,0.99494,0.19211
14.98,-0.01087,0.97877,0.14714
15,-0.06641,0.95576,0.10361
15.02,-0.10673,0.98498,0.12399
15.04,-0.14836,0.92141,0.17277
15.06,-0.19501,0.82848,0.16995
15.08,-0.21524,0.74422,0.24189
15.1,-0.22961,0.63959,0.21151
15.12,-0.29308,0.64141,0.14228
15.14,-0.34716,0.65703,0.09628
15.16,-0.29544,0.56237,0.09473
15.18,-0.2545,0.46785,0.08292
15.2,-0.273,0.38994,0.14583
15.22,-0.24583,0.34248,0.17844
15.24,-0.22586,0.32244,0.12731
15.26,-0.20351,0.33772,0.06745
15.28,-0.20549,0.23171,0.01941
15.3,-0.26451,0.1427,-0.05248
15.32,-0.34939,0.14804,-0.00025
15.34,-0.3432,0.09086,0.1162
15.36,-0.33064,-0.00683,0.15451
15.38,-0.37534,0.00079,0.16211
15.4,-0.39789,0.04269,0.13403
15.42,-0.39832,0.06963,0.02367
15.44,-0.38001,0.04699,0.01014
15.46,-0.36827,-0.09609,0.04299
15.48,-0.41516,-0.20286,0.06398
15.5,-0.46413,-0.15789,0.07657
15.52,-0.43077,-0.18668,0.03518
15.54,-0.35582,-0.2869,-0.05772
15.56,-0.24139,-0.30934,-0.16296
15.58,-0.1398,-0.34849,-0.19336
15.6,-0.1301,-0.35291,-0.21406
15.62,-0.11042,-0.35809,-0.1812
15.64,-0.04669,-0.3754,-0.11898
15.66,-0.00696,-0.40943,-0.13582
15.68,0.01135,-0.3431,-0.14507
15.7,0.02212,-0.29362,-0.16751
15.72,0.09384,-0.26117,-0.18668
15.74,0.06734,-0.22108,-0.16384
15.76,0.02939,-0.20845,-0.09828
15.78,-0.05757,-0.26498,-0.04544
15.8,-0.10275,-0.27004,0.00544
15.82,-0.04748,-0.30611,0.00279
15.84,0.01159,-0.3654,-0.02709
15.86,0.02753,-0.39771,-0.0237
15.88,0.0038,-0.35746,-0.00487
15.9,-0.03122,-0.27897,-0.02552
15.92,-0.02104,-0.20286,-0.01838
15.94,-0.00121,-0.2428,-0.00966
15.96,0.02071,-0.28776,-0.00401
15.98,0.06117,-0.33624,-0.04033
16,0.203,-0.41526,-0.07135
16.02,0.24319,-0.45312,-0.08532
16.04,0.17787,-0.39069,-0.0785
16.06,0.11778,-0.23721,-0.07782
16.08,0.12136,-0.11772,-0.14605
16.1,0.12171,-0.13712,-0.17749
16.12,0.10477,-0.22907,-0.15022
16.14,0.10266,-0.34152,-0.10027
16.16,0.08519,-0.43041,-0.10099
16.18,0.11143,-0.44889,-0.0949
16.2,0.09228,-0.4036,-0.05135
16.22,-0.03707,-0.28198,0.00391
16.24,-0.0409,-0.21151,-0.01354
16.26,-0.00557,-0.19739,-0.04447
16.28,0.01637,-0.30501,-0.04276
16.3,0.00357,-0.45533,-0.03026
16.32,0.02749,-0.52944,-0.03737
16.34,0.06185,-0.54561,-0.03265
16.36,0.12079,-0.51195,-0.04452
16.38,0.1816,-0.51057,-0.07059
16.4,0.17897,-0.52657,-0.08801
16.42,0.19755,-0.49266,-0.07574
16.44,0.26696,-0.47121,-0.08266
16.46,0.30235,-0.50296,-0.10886
16.48,0.29517,-0.54324,-0.11384
16.5,0.25572,-0.5254,-0.11292
16.52,0.23891,-0.4488,-0.0785
16.54,0.21174,-0.43943,-0.08001
16.56,0.18417,-0.52438,-0.1269
16.58,0.09057,-0.6033,-0.12444
16.6,-0.01568,-0.54792,-0.0317
16.62,-0.03991,-0.50178,0.01861
16.64,-0.04628,-0.52518,-0.0307
16.66,-0.10218,-0.55531,-0.08182
16.68,-0.15356,-0.54551,-0.08563
16.7,-0.16405,-0.5231,-0.06367
16.72,-0.13954,-0.52958,-0.02061
16.74,-0.10611,-0.58054,-0.03255
16.76,-0.07732,-0.5791,-0.00333
16.78,-0.038,-0.52961,0.03761
16.8,0.02149,-0.48713,0.02437
16.82,0.09832,-0.48288,-0.03191
16.84,0.17153,-0.47823,-0.05338
16.86,0.1636,-0.45179,-0.04306
16.88,0.15896,-0.41713,-0.02058
16.9,0.15095,-0.38853,0.02496
16.92,0.15877,-0.41196,0.01977
16.94,0.14236,-0.45685,-0.00916
16.96,0.09641,-0.4968,0.00595
16.98,0.04799,-0.50663,0.00378
17,0.01263,-0.48495,-0.00007
17.02,-0.01628,-0.44773,0.01975
17.04,-0.02738,-0.45188,0.0353
17.06,-0.07351,-0.47119,0.02379
17.08,-0.07117,-0.479,0.02794
17.1,-0.08337,-0.49678,0.03751
17.12,-0.05935,-0.51304,0.02016
17.14,-0.01372,-0.50865,0.0467
17.16,0.0118,-0.48249,0.05928
17.18,0.04088,-0.42981,0.05726
17.2,0.08828,-0.38219,0.05317
17.22,0.12694,-0.39965,0.03644
17.24,0.13741,-0.43899,0.02915
17.26,0.12881,-0.43706,0.01228
17.28,0.12902,-0.39192,0.03002
17.3,0.12676,-0.32376,0.03574
17.32,0.14755,-0.28579,0.0378
17.34,0.10562,-0.22865,0.03947
17.36,0.08805,-0.21082,0.05732
17.38,0.05505,-0.22547,0.0706
17.4,0.029,-0.24564,0.09642
17.42,0.01403,-0.26835,0.1096
17.44,-0.00385,-0.23817,0.13872
17.46,-0.00553,-0.17361,0.15621
17.48,-0.01956,-0.13386,0.1687
17.5,-0.0053,-0.1303,0.17643
17.52,0.01011,-0.19209,0.18963
17.54,-0.0052,-0.22071,0.20574
17.56,0.04991,-0.25669,0.23235
17.58,0.05305,-0.25399,0.20802
17.6,0.06651,-0.19218,0.19093
17.62,0.09483,-0.12771,0.17465
17.64,0.10489,-0.10137,0.18652
17.66,0.12481,-0.10058,0.20186
17.68,0.12276,-0.12676,0.19383
17.7,0.13571,-0.11921,0.20082
17.72,0.14513,-0.10187,0.19838
17.74,0.1267,-0.05902,0.19684
17.76,0.13373,-0.02429,0.19298
17.78,0.1028,-0.01752,0.19555
17.8,0.0745,-0.01267,0.2204
17.82,0.07,-0.04591,0.23807
17.84,0.0624,-0.03968,0.25515
17.86,0.05692,-0.00145,0.26168
17.88,0.05301,0.03372,0.24447
17.9,0.05407,0.06707,0.24162
17.92,0.03595,0.0791,0.24584
17.94,0.01951,0.08548,0.24569
17.96,0.01041,0.08534,0.2622
17.98,-0.00423,0.05257,0.27346
18,-0.01939,0.04523,0.27464
18.02,-0.02853,0.07867,0.27629
18.04,-0.03314,0.13644,0.29011
18.06,-0.04871,0.12039,0.29034
18.08,-0.0716,0.12631,0.28974
18.1,-0.09181,0.12258,0.3196
18.12,-0.10853,0.09556,0.33752
18.14,-0.11898,0.11822,0.34695
18.16,-0.11723,0.12438,0.38062
18.18,-0.09496,0.08097,0.3771
18.2,-0.08404,0.07734,0.3662
18.22,-0.05219,0.08838,0.34454
18.24,-0.01049,0.0869,0.32426
18.26,0.00108,0.08055,0.31097
18.28,0.02378,0.0709,0.30555
18.3,0.04421,0.0673,0.3037
18.32,0.06477,0.06212,0.28828
18.34,0.07814,0.06425,0.28214
18.36,0.07468,0.02852,0.27574
18.38,0.07142,0.0216,0.25362
18.4,0.06435,0.0529,0.25313
18.42,0.05639,0.05976,0.24783
18.44,0.03403,0.06601,0.25808
18.46,0.00491,0.045,0.27948
18.48,0.00558,0.0017,0.28065
18.5,-0.0004,0.00262,0.28616
18.52,0.01578,-0.02284,0.27966
18.54,0.02199,-0.00785,0.26381
18.56,0.03418,0.01492,0.25711
18.58,0.06104,0.00677,0.24083
18.6,0.05799,0.0154,0.23745
18.62,0.05386,0.00287,0.22272
18.64,0.03725,0.01672,0.22699
18.66,0.02519,-0.01024,0.23622
18.68,0.01533,-0.03537,0.2247
18.7,0.01433,-0.03152,0.22326
18.72,-0.00318,-0.03607,0.21146
18.74,-0.01382,-0.03804,0.21144
18.76,-0.02234,-0.07194,0.21248
18.78,-0.03452,-0.10996,0.20069
18.8,-0.02894,-0.13122,0.19496
18.82,-0.02184,-0.17316,0.17068
18.84,-0.00483,-0.17581,0.15402
18.86,0.02895,-0.18459,0.13662
18.88,0.06102,-0.18728,0.1198
18.9,0.07725,-0.18925,0.10593
18.92,0.08034,-0.20275,0.0763
18.94,0.09675,-0.20383,0.06122
18.96,0.09955,-0.22557,0.04536
18.98,0.08179,-0.2268,0.03299
19,0.08172,-0.22367,0.02101
19.02,0.05325,-0.23966,0.02522
19.04,0.03409,-0.23587,0.03832
19.06,0.01092,-0.25178,0.05701
19.08,-0.00282,-0.28305,0.0692
19.1,-0.00899,-0.31268,0.05764
19.12,0.00209,-0.32839,0.04597
19.14,0.02221,-0.34454,0.04625
19.16,0.05519,-0.37302,0.04193
19.18,0.05267,-0.3991,0.03059
19.2,0.09577,-0.42027,0.01462
19.22,0.12341,-0.45354,-0.00222
19.24,0.13079,-0.42571,-0.02455
19.26,0.16787,-0.37057,-0.043
19.28,0.19929,-0.35672,-0.05452
19.3,0.19062,-0.38424,-0.07193
19.32,0.17292,-0.42909,-0.0692
19.34,0.14246,-0.48066,-0.06566
19.36,0.10082,-0.51688,-0.07753
19.38,0.05347,-0.52546,-0.07723
19.4,0.04357,-0.49123,-0.05804
19.42,0.02326,-0.48938,-0.04503
19.44,0.01373,-0.49597,-0.01612
19.46,0.02127,-0.55129,-0.00076
19.48,-0.00312,-0.6255,-0.0137
19.5,-0.02328,-0.64992,-0.02877
19.52,-0.01717,-0.63833,-0.02914
19.54,0.00263,-0.63418,-0.04865
19.56,0.02098,-0.6412,-0.07676
19.58,0.02534,-0.61957,-0.092
19.6,0.03671,-0.60222,-0.11401
19.62,0.02513,-0.64011,-0.13968
19.64,-0.01055,-0.67921,-0.14351
19.66,-0.04915,-0.70358,-0.14838
19.68,-0.06337,-0.70587,-0.15416
19.7,-0.05652,-0.72683,-0.14005
19.72,-0.03055,-0.75315,-0.13639
19.74,0.01023,-0.7738,-0.15214
19.76,0.05076,-0.76193,-0.16155
19.78,0.09188,-0.72286,-0.15975
19.8,0.1452,-0.70084,-0.15032
19.82,0.1768,-0.6786,-0.13664
19.84,0.22288,-0.64078,-0.14011
19.86,0.27449,-0.63638,-0.15483
19.88,0.28906,-0.65523,-0.16409
19.9,0.28231,-0.68246,-0.16877
19.92,0.25755,-0.69556,-0.1656
19.94,0.20192,-0.68297,-0.17334
19.96,0.15868,-0.66939,-0.16973
19.98,0.11978,-0.71979,-0.15221
20,0.06491,-0.77776,-0.14471
20.02,0.03188,-0.83253,-0.15655
20.04,0.02144,-0.88457,-0.16933
20.06,0.02287,-0.86558,-0.16713
20.08,0.0352,-0.78288,-0.16984
20.1,0.12381,-0.75539,-0.19787
20.12,0.13829,-0.77387,-0.21758
20.14,0.14933,-0.70319,-0.22107
20.16,0.20137,-0.59132,-0.21699
20.18,0.24144,-0.53726,-0.21728
20.2,0.18689,-0.47232,-0.2365
20.22,0.15806,-0.38975,-0.20552
20.24,0.12952,-0.3227,-0.14923
20.26,0.11646,-0.3504,-0.14617
20.28,0.05503,-0.46604,-0.16022
20.3,-0.01962,-0.51252,-0.14536
20.32,-0.07267,-0.44151,-0.11164
20.34,-0.04429,-0.35413,-0.0895
20.36,-0.01933,-0.40264,-0.11121
20.38,-0.03047,-0.51475,-0.11795
20.4,-0.02328,-0.51236,-0.13547
20.42,0.05354,-0.45247,-0.14462
20.44,0.06932,-0.39673,-0.18307
20.46,0.08966,-0.3399,-0.1997
20.48,0.05495,-0.26483,-0.14483
20.5,0.03207,-0.19411,-0.12453
20.52,0.01733,-0.19485,-0.14168
20.54,-0.05576,-0.17952,-0.13431
20.56,-0.10009,-0.12816,-0.12773
20.58,-0.18427,-0.0737,-0.12706
20.6,-0.27752,0.00812,-0.12074
20.62,-0.40755,0.01281,-0.05131
20.64,-0.53176,-0.00128,0.02641
20.66,-0.60332,-0.01566,0.05044
20.68,-0.66457,-0.00647,0.01819
20.7,-0.71694,-0.01377,-0.0395
20.72,-0.80195,0.00593,-0.03209
20.74,-0.84831,0.01908,-0.00654
20.76,-0.8667,-0.00836,-0.01601
20.78,-0.86913,-0.01748,-0.02515
20.8,-0.8276,-0.04409,-0.02071
20.82,-0.78696,-0.09334,-0.03308
20.84,-0.72795,-0.12891,-0.07698
20.86,-0.68553,-0.10692,-0.14053
20.88,-0.6395,-0.06381,-0.19872
20.9,-0.65545,-0.04703,-0.22626
20.92,-0.64941,-0.01064,-0.21881
20.94,-0.61685,0.1039,-0.22411
20.96,-0.60703,0.23306,-0.1567
20.98,-0.57704,0.33296,-0.03085
21,-0.55691,0.31929,0.04364
21.02,-0.62539,0.34813,0.04051
21.04,-0.6724,0.30468,0.00097
21.06,-0.70195,0.30189,-0.0503
21.08,-0.67382,0.22687,-0.06052
21.1,-0.63292,0.15298,0.00594
21.12,-0.5412,0.02022,0.01692
21.14,-0.51049,0.02375,0.05255
21.16,-0.49754,-0.04786,0.0669
21.18,-0.5321,-0.06264,-0.00956
21.2,-0.59189,-0.05668,-0.16273
21.22,-0.72369,0.02451,-0.21554
21.24,-0.7888,0.05093,-0.14643
21.26,-0.85974,0.10586,-0.02744
21.28,-0.88927,0.08781,0.04213
21.3,-0.92419,0.03341,0.0911
21.32,-0.92303,-0.00796,0.05307
21.34,-0.9733,0.00641,-0.00214
21.36,-0.94821,-0.04352,-0.02594
21.38,-0.94411,-0.04272,-0.05744
21.4,-0.92054,-0.08492,-0.07929
21.42,-0.92396,-0.10689,-0.04591
21.44,-0.88522,-0.14828,0.00816
21.46,-0.76926,-0.14847,-0.00439
21.48,-0.65836,-0.09057,-0.0658
21.5,-0.7037,-0.05999,-0.10635
21.52,-0.72932,0.01093,-0.14856
21.54,-0.82353,0.03827,-0.0991
21.56,-0.84262,0.10086,0.00382
21.58,-0.89548,0.10687,-0.04088
21.6,-0.87947,0.1592,0.0166
21.62,-0.873,0.12923,0.06993
21.64,-0.86405,0.12612,0.08215
21.66,-0.82043,0.14089,0.05619
21.68,-0.83758,0.12878,0.06172
21.7,-0.88269,0.11491,0.02397
21.72,-0.91747,0.18194,-0.03468
21.74,-1.00021,0.19266,-0.02719
21.76,-1.01501,0.19319,-0.01501
21.78,-0.99561,0.15677,0.03798
21.8,-0.87613,0.13494,0.06713
21.82,-0.85986,0.06123,-0.00669
21.84,-0.78427,0.02995,-0.04727
21.86,-0.76297,0.05454,-0.09267
21.88,-0.79958,0.13194,-0.16331
21.9,-0.83923,0.24496,-0.13785
21.92,-0.76476,0.31983,-0.07405
21.94,-0.66056,0.36074,-0.01645
21.96,-0.53786,0.45257,-0.03118
21.98,-0.46102,0.50984,-0.03681
22,-0.39274,0.57136,-0.06886
22.02,-0.46114,0.61653,-0.05773
22.04,-0.43055,0.58259,0.02359
22.06,-0.44348,0.86307,0.08116
22.08,-0.37717,1.10948,-0.07104
22.1,-0.28632,1.24062,-0.01664
22.12,-0.18166,1.23302,-0.03184
22.14,-0.18149,1.255,0.02658
22.16,-0.12009,1.44192,0.14193
22.18,0.01017,1.71571,0.24115
22.2,0.14205,2.00982,0.22401
22.22,0.18417,2.19645,0.16688
22.24,0.18144,2.33832,0.12775
22.26,0.22988,2.4744,0.15395
22.28,0.32427,2.61279,0.20268
22.3,0.37695,2.62604,0.27291
22.32,0.47348,2.65091,0.25045
22.34,0.48552,2.87107,0.24089
22.36,0.45257,3.11326,0.22354
22.38,0.48065,3.15584,0.25774
22.4,0.39997,3.05173,0.25373
22.42,0.39505,3.21422,0.40957
22.44,0.31533,3.21078,0.45807
22.46,0.34653,3.37909,0.48782
22.48,0.30497,3.66642,0.52225
22.5,0.28711,3.69257,0.51575
22.52,0.26601,3.67796,0.69035
22.54,0.17474,3.70317,0.69767
22.56,0.08374,3.79059,0.72745
22.58,0.1065,3.75053,0.76254
22.6,0.06954,3.85969,0.72789
22.62,0.09949,3.91139,0.72049
22.64,0.06086,3.9282,0.65883
22.66,0.19023,3.96857,0.78329
22.68,0.25637,3.98534,0.94577
22.7,0.33317,3.88203,0.88442
22.72,0.3348,3.97277,0.72135
22.74,0.38307,3.90157,0.55984
22.76,0.37361,3.99769,0.67826
22.78,0.36967,4.04227,0.73379
22.8,0.40931,4.05519,0.71199
22.82,0.28915,3.91864,0.66498
22.84,0.12273,4.03509,0.76102
22.86,0.09924,3.95854,0.80695
22.88,0.02175,4.06982,0.76565
22.9,0.03856,4.27192,0.85541
22.92,0.06175,4.33666,0.96182
22.94,-0.01919,4.0484,0.90992
22.96,-0.04531,4.05285,0.97276
22.98,0.0412,4.03913,0.96771
23,0.10563,4.17884,0.95528
23.02,0.00353,4.19396,0.84598
23.04,0.05273,4.27483,0.84224
23.06,0.10563,4.28854,0.85454
23.08,0.03989,4.34785,0.83956
23.1,0.17022,4.17331,0.85377
23.12,0.24306,4.01895,0.94049
23.14,0.20229,3.89001,0.96541
23.16,0.23877,3.87824,0.99007
23.18,0.06183,4.14347,0.94426
23.2,-0.07523,4.37873,0.75461
23.22,-0.07042,4.11663,0.71205
23.24,-0.06912,4.21696,0.82827
23.26,0.03368,4.13155,0.90976
23.28,0.14944,4.12182,0.9514
23.3,0.16447,4.04724,1.08767
23.32,-0.00621,3.99767,1.01664
23.34,-0.18699,4.12507,0.69372
23.36,-0.13267,4.3029,0.46951
23.38,-0.11946,4.67698,0.72522
23.4,-0.02788,4.30024,0.739
23.42,-0.09129,4.16701,0.81957
23.44,-0.01079,4.26942,0.76324
23.46,0.22489,4.33931,0.88925
23.48,0.32743,4.18833,0.99439
23.5,0.27622,4.02363,0.98324
23.52,0.29766,4.08349,0.7705
23.54,0.26705,4.47132,0.61476
23.56,0.32469,4.21529,0.53441
23.58,0.11082,4.43323,0.73508
23.6,0.12692,4.14122,0.56728
23.62,0.19339,4.31666,0.75161
23.64,0.3042,4.1406,0.94012
23.66,0.27153,4.01843,1.10174
23.68,0.10113,3.90774,1.00854
23.7,0.01091,4.04419,0.6898
23.72,-0.01488,4.19507,0.51775
23.74,0.00579,4.19615,0.49092
23.76,0.07753,3.92698,0.64957
23.78,0.05488,4.13662,0.86496
23.8,0.15461,3.78765,0.89212
23.82,-0.00278,3.74818,0.90135
23.84,-0.0824,3.71184,0.7577
23.86,-0.09214,3.76561,0.66425
23.88,-0.04206,3.76543,0.68986
23.9,-0.04541,3.65471,0.63127
23.92,-0.02946,3.58302,0.73972
23.94,0.08326,3.50029,0.78863
23.96,0.06562,3.22979,0.83258
23.98,0.04633,3.11622,0.73446
24,-0.00954,2.96541,0.72478
24.02,0.01464,2.86411,0.56196
24.04,0.1837,2.70278,0.51331
24.06,0.21305,2.5295,0.58392
24.08,0.19417,2.28963,0.49321
24.1,0.07954,2.10953,0.34388
24.12,0.14638,1.95864,0.32145
24.14,0.09315,1.90089,0.4474
24.16,-0.06721,1.77484,0.38494
24.18,-0.10119,1.70065,0.25165
24.2,-0.06585,1.80306,0.37974
24.22,-0.02128,1.62469,0.31086
24.24,-0.00499,1.50964,0.32118
24.26,-0.02749,1.38817,0.34788
24.28,-0.04511,1.30052,0.2622
24.3,-0.03021,1.2404,0.24217
24.32,0.00484,1.16869,0.22201
24.34,-0.02144,1.09957,0.22088
24.36,0.0366,1.07176,0.11064
24.38,0.10856,1.11094,0.04989
24.4,0.16438,1.19093,0.1508
24.42,0.09336,1.08384,0.08197
24.44,0.05855,0.98411,0.0025
24.46,0.05174,1.0359,0.03598
24.48,0.02092,1.17115,0.07303
24.5,0.04388,1.19832,0.21775
24.52,0.00596,1.23674,0.23648
24.54,-0.02938,1.22063,0.16955
24.56,0.02771,1.2201,0.17352
24.58,-0.03776,1.17431,0.19284
24.6,-0.02607,1.06265,0.27407
24.62,-0.03404,0.98149,0.21822
24.64,0.02217,0.99347,0.25467
24.66,0.09396,1.1075,0.28865
24.68,0.09783,1.12659,0.22798
24.7,0.04496,1.10312,0.20424
24.72,0.0456,1.10403,0.09739
24.74,0.12742,1.01768,0.12947
24.76,0.15099,1.02271,0.20796
24.78,0.06869,1.02125,0.10892
24.8,0.08646,1.06926,0.02697
24.82,0.10741,1.03415,0.03491
24.84,0.06333,1.08622,0.10683
24.86,0.00751,1.08433,0.10106
24.88,0.00012,1.0235,0.08585
24.9,-0.01575,1.01542,0.14473
24.92,-0.00621,0.96082,0.16509
24.94,0.0356,0.93462,0.15181
24.96,0.00669,1.00251,0.12027
24.98,0.01716,1.05819,0.1047
25,0.08264,1.06199,0.24268
25.02,0.03261,1.02796,0.22396
25.04,0.03501,1.01634,0.16972
25.06,0.0641,0.98218,0.12467
25.08,0.11213,0.90719,0.10289
25.1,0.15795,0.89254,0.15723
25.12,0.09071,0.99407,0.08854
25.14,0.04422,1.04417,0.04047
25.16,0.04953,1.03061,0.04332
25.18,0.05947,1.07975,0.10942
25.2,0.02001,1.06684,0.16028
25.22,-0.04586,1.04775,0.09601
25.24,0.0369,1.03441,0.09635
25.26,0.02573,1.00552,0.09292
25.28,0.01147,0.99502,0.09326
25.3,-0.05238,1.10103,0.10634
25.32,-0.08604,1.11493,0.1472
25.34,0.02198,0.97149,0.15098
25.36,0.12934,0.9367,0.20853
25.38,0.05658,0.97216,0.19363
25.4,-0.00994,0.97467,0.1015
25.42,0.04703,1.05947,0.05279
25.44,0.14205,1.08547,0.0544
25.46,0.14152,1.11728,0.1991
25.48,0.03558,1.12735,0.16367
25.5,-0.0411,1.04595,0.07509
25.52,-0.01626,0.88314,0.06772
25.54,-0.08875,0.96967,0.00971
25.56,-0.13869,1.10039,0.07603
25.58,-0.12424,1.12534,0.06214
25.6,-0.05345,1.09857,-0.0903
25.62,-0.00271,1.01709,-0.15302
25.64,-0.05856,0.91107,-0.26341
25.66,-0.11969,1.0279,-0.25147
25.68,-0.16159,1.16882,-0.3736
25.7,0.00571,1.18394,-0.4308
25.72,0.07237,1.14572,-0.45887
25.74,0.00369,1.15141,-0.60199
25.76,-0.01366,1.07287,-0.70553
25.78,-0.05205,1.09291,-0.80329
25.8,-0.07079,1.17343,-0.84169
25.82,-0.11393,1.19217,-0.73077
25.84,-0.14968,1.24008,-0.70151
25.86,-0.11572,1.24449,-0.6704
25.88,-0.12516,1.10079,-0.75721
25.9,-0.16372,1.00343,-0.91758
25.92,-0.23671,0.99454,-0.8921
25.94,-0.25653,1.12026,-0.75361
25.96,-0.18531,1.27202,-0.62301
25.98,-0.10974,1.30645,-0.68477
26,-0.0404,1.07198,-0.81734
26.02,-0.11742,0.94708,-0.91603
26.04,-0.19837,1.04897,-0.87249
26.06,-0.15093,1.17306,-0.81784
26.08,-0.09706,1.19371,-0.82569
26.1,-0.09312,1.18578,-0.87994
26.12,-0.03954,1.1007,-0.76586
26.14,-0.03934,1.13512,-0.74162
26.16,0.00964,1.06989,-0.78283
26.18,0.01226,0.97541,-0.90308
26.2,-0.00628,0.98659,-0.92911
26.22,0.01726,1.14376,-0.84731
26.24,0.02533,1.28782,-0.75514
26.26,0.05439,1.22219,-0.79344
26.28,0.03185,1.01458,-0.91272
26.3,-0.07007,0.97111,-0.91091
26.32,-0.12095,0.98199,-0.83989
26.34,-0.14103,1.01284,-0.80736
26.36,-0.16666,1.0165,-0.76063
26.38,-0.14632,1.0371,-0.86581
26.4,-0.13994,1.0987,-0.91828
26.42,-0.16862,1.13763,-0.85777
26.44,-0.20911,1.06471,-0.8829
26.46,-0.16364,1.06174,-0.85329
26.48,-0.10204,1.13119,-0.78168
26.5,-0.08426,1.13419,-0.80721
26.52,-0.01289,1.07074,-0.9197
26.54,-0.0151,1.09008,-0.95683
26.56,-0.09507,1.1669,-0.89635
26.58,-0.08245,1.24874,-0.91518
26.6,-0.14082,1.27333,-0.90212
26.62,-0.1544,1.12659,-0.84241
26.64,-0.15934,1.02124,-0.82226
26.66,-0.21432,1.12458,-0.77545
26.68,-0.16977,1.1001,-0.81662
26.7,-0.18235,1.08698,-0.92142
26.72,-0.16707,1.14806,-0.87271
26.74,-0.15348,1.16673,-0.79162
26.76,-0.1369,1.12056,-0.74899
26.78,-0.02416,0.99695,-0.86844
26.8,0.00714,1.05707,-0.86867
26.82,0.0053,1.16573,-0.90156
26.84,0.03599,1.13212,-0.9394
26.86,0.10399,1.05453,-0.91221
26.88,-0.01965,1.09845,-0.83734
26.9,-0.06716,1.04116,-0.87037
26.92,0.03644,0.98119,-0.91583
26.94,-0.06652,1.05342,-0.90918
26.96,-0.11356,1.08828,-0.84841
26.98,-0.10194,1.12787,-0.9169
27,-0.17888,1.238,-0.85248
27.02,-0.20999,1.06194,-0.91969
27.04,-0.12181,0.93614,-0.87014
27.06,-0.17588,1.07634,-0.84562
27.08,-0.18575,1.14478,-0.90169
27.1,-0.01474,1.04073,-1.00131
27.12,-0.00507,1.19353,-0.97801
27.14,-0.11106,1.30781,-0.96663
27.16,-0.03668,1.14452,-1.02471
27.18,-0.02559,1.03705,-1.049
27.2,-0.06467,1.00491,-0.94246
27.22,-0.10252,1.03866,-0.94468
27.24,-0.08799,1.06665,-0.95362
27.26,-0.06808,1.10344,-0.97273
27.28,-0.12461,1.29322,-0.94746
27.3,-0.18393,1.20508,-0.97584
27.32,-0.11814,1.04246,-0.96658
27.34,-0.2398,0.99768,-0.91289
27.36,-0.24826,0.9,-0.90105
27.38,-0.13976,1.0453,-0.90588
27.4,-0.15183,1.27319,-0.92752
27.42,-0.10874,1.25342,-1.01621
27.44,-0.02976,1.10819,-1.03509
27.46,-0.08876,1.12328,-1.00524
27.48,-0.18383,1.11638,-0.97754
27.5,-0.11622,0.96472,-0.98406
27.52,-0.07282,1.06723,-0.90187
27.54,-0.14266,1.18455,-0.90701
27.56,-0.04639,1.10286,-1.0118
27.58,-0.01135,1.08799,-0.99779
27.6,-0.12793,1.04043,-0.94141
27.62,-0.13556,1.02108,-0.90986
27.64,-0.15139,1.11486,-0.93471
27.66,-0.12606,1.11867,-0.9905
27.68,-0.09381,1.16106,-0.9449
27.7,-0.08212,1.14553,-0.93282
27.72,-0.06612,1.07661,-0.93964
27.74,-0.10659,1.10772,-0.979
27.76,-0.12239,1.10657,-0.969
27.78,-0.08133,1.03358,-0.96905
27.8,-0.11336,1.1199,-0.90776
27.82,-0.12117,1.2495,-0.86707
27.84,-0.06168,1.10203,-1.04925
27.86,-0.03759,1.0521,-0.99905
27.88,-0.11686,1.14502,-0.87213
27.9,-0.10163,1.10451,-0.88065
27.92,-0.08956,1.09922,-0.98576
27.94,-0.11481,1.16188,-0.95602
27.96,-0.1112,1.11198,-0.92085
27.98,-0.06413,1.04381,-0.92666
28,-0.07861,1.07125,-0.89699
28.02,-0.10246,1.08771,-0.9164
28.04,-0.04904,1.04088,-1.00262
28.06,-0.0701,1.14068,-0.88844
28.08,-0.08792,1.16482,-0.84424
28.1,-0.04779,1.1097,-0.90863
28.12,-0.05365,1.06783,-0.94894
28.14,-0.07057,1.0496,-0.84443
28.16,-0.07001,1.00793,-0.79029
28.18,-0.07145,1.08155,-0.75901
28.2,-0.09285,1.21641,-0.73004
28.22,-0.08534,1.2346,-0.68695
28.24,-0.04552,1.13252,-0.69476
28.26,-0.08117,1.04039,-0.63693
28.28,-0.12711,1.04118,-0.57431
28.3,-0.11669,1.01522,-0.64407
28.32,-0.09401,1.03313,-0.64535
28.34,-0.08763,1.10675,-0.56974
28.36,-0.06792,1.13436,-0.54678
28.38,-0.03119,1.10744,-0.63393
28.4,-0.02921,1.07424,-0.68438
28.42,-0.04604,1.02532,-0.6647
28.44,-0.06596,1.02131,-0.67198
28.46,-0.07267,1.06973,-0.66196
28.48,-0.07876,1.12695,-0.65369
28.5,-0.07233,1.11328,-0.70391
28.52,-0.06934,1.09538,-0.69947
28.54,-0.08015,1.06037,-0.66839
28.56,-0.09371,1.04493,-0.67446
28.58,-0.11375,1.09411,-0.65964
28.6,-0.11935,1.13717,-0.63156
28.62,-0.11015,1.1319,-0.65335
28.64,-0.10191,1.11489,-0.67822
28.66,-0.09679,1.09474,-0.6563
28.68,-0.08894,1.06098,-0.65508
28.7,-0.07035,1.03586,-0.68155
28.72,-0.05025,1.06403,-0.67917
28.74,-0.03992,1.11285,-0.7049
28.76,-0.02992,1.13908,-0.78218
28.78,-0.0162,1.12671,-0.81962
28.8,-0.02259,1.08252,-0.82362
28.82,-0.04757,1.06061,-0.79926
28.84,-0.0601,1.04944,-0.78517
28.86,-0.08297,1.06757,-0.83453
28.88,-0.09225,1.13014,-0.88306
28.9,-0.09148,1.16299,-0.87259
28.92,-0.10844,1.13178,-0.85502
28.94,-0.1344,1.05569,-0.85898
28.96,-0.16382,1.00528,-0.85607
28.98,-0.18275,1.06195,-0.8366
29,-0.17689,1.18263,-0.85252
29.02,-0.12884,1.22757,-0.95186
29.04,-0.10613,1.17355,-1.01006
29.06,-0.1111,1.09642,-1.00407
29.08,-0.09623,1.0624,-0.94614
29.1,-0.10137,1.06065,-0.93156
29.12,-0.10011,1.14362,-0.93936
29.14,-0.05534,1.20349,-0.94122
29.16,-0.0229,1.21299,-0.92412
29.18,-0.0477,1.23951,-0.88038
29.2,-0.0525,1.18907,-0.85629
29.22,-0.07429,1.08142,-0.86043
29.24,-0.10438,1.00051,-0.81281
29.26,-0.10797,1.04427,-0.77973
29.28,-0.09012,1.13293,-0.77284
29.3,-0.07754,1.158,-0.7948
29.32,-0.04205,1.10987,-0.82075
29.34,-0.05023,1.018,-0.84874
29.36,-0.08004,0.9765,-0.85375
29.38,-0.09738,1.02758,-0.83882
29.4,-0.06296,1.03833,-0.84101
29.42,-0.05401,1.0375,-0.84292
29.44,-0.04667,1.0232,-0.83306
29.46,-0.05652,1.0389,-0.81185
29.48,-0.07281,1.06337,-0.7929
29.5,-0.08228,1.0755,-0.76168
29.52,-0.08979,1.08865,-0.73387
29.54,-0.10597,1.10417,-0.69405
29.56,-0.10385,1.0915,-0.65444
29.58,-0.10168,1.08391,-0.62294
29.6,-0.09485,1.06947,-0.60787
29.62,-0.0896,1.0792,-0.60973
29.64,-0.07499,1.08547,-0.59956
29.66,-0.05786,1.08392,-0.58963
29.68,-0.04768,1.08864,-0.58135
29.7,-0.04745,1.08988,-0.57765
29.72,-0.04195,1.08767,-0.5878
29.74,-0.04334,1.08643,-0.58232
29.76,-0.04335,1.08042,-0.57692
29.78,-0.04687,1.07728,-0.57697
29.8,-0.04946,1.08117,-0.56315
29.82,-0.04829,1.08442,-0.54704
29.84,-0.04621,1.08536,-0.53529
29.86,-0.05539,1.08534,-0.52889
29.88,-0.06541,1.0824,-0.52943
29.9,-0.07556,1.07491,-0.50953
29.92,-0.07012,1.05501,-0.50154
29.94,-0.07965,1.05505,-0.51226
29.96,-0.08412,1.07084,-0.50582
29.98,-0.07364,1.08605,-0.51791
30,-0.07143,1.08485,-0.4975
30.02,-0.06219,1.06325,-0.49966
30.04,-0.06387,1.05738,-0.49639
30.06,-0.06767,1.06424,-0.46901
30.08,-0.05504,1.07117,-0.44761
30.1,-0.04444,1.07074,-0.41505
30.12,-0.03494,1.06122,-0.40966
30.14,-0.03852,1.0616,-0.41043
30.16,-0.03359,1.0629,-0.37713
30.18,-0.03076,1.06149,-0.3582
30.2,-0.03154,1.03976,-0.31651
30.22,-0.0198,1.01942,-0.32987
30.24,-0.03372,1.04038,-0.30984
30.26,-0.03607,1.06193,-0.31547
30.28,-0.02888,1.05149,-0.30095
30.3,-0.025,1.02462,-0.30679
30.32,-0.03886,1.01913,-0.29299
30.34,-0.04008,1.02359,-0.29419
30.36,-0.04084,1.04051,-0.25489
30.38,-0.03395,1.0356,-0.23692
30.4,-0.02465,1.03117,-0.2291
30.42,-0.02748,1.04174,-0.22247
30.44,-0.03322,1.0589,-0.20012
30.46,-0.02908,1.05208,-0.20916
30.48,-0.02612,1.03012,-0.19182
30.5,-0.03445,1.02988,-0.19911
30.52,-0.03987,1.04278,-0.19577
30.54,-0.03977,1.05968,-0.2151
30.56,-0.04196,1.06042,-0.22461
30.58,-0.03704,1.04518,-0.24772
30.6,-0.04515,1.05192,-0.26552
30.62,-0.05323,1.05986,-0.28847
30.64,-0.05657,1.0643,-0.31612
30.66,-0.05943,1.06129,-0.31748
30.68,-0.05831,1.05892,-0.3173
30.7,-0.06595,1.06523,-0.31538
30.72,-0.06561,1.06314,-0.31185
30.74,-0.06662,1.06344,-0.29935
30.76,-0.06034,1.0505,-0.2789
30.78,-0.05607,1.05014,-0.24844
30.8,-0.0528,1.04975,-0.21487
30.82,-0.04719,1.04427,-0.17889
30.84,-0.04259,1.03302,-0.14653
30.86,-0.04632,1.03239,-0.1151
30.88,-0.04601,1.03359,-0.10731
30.9,-0.05223,1.03613,-0.09445
30.92,-0.05034,1.03096,-0.08458
30.94,-0.05192,1.0291,-0.07569
30.96,-0.05246,1.03328,-0.07019
30.98,-0.05237,1.03792,-0.07841
31,-0.05414,1.04081,-0.07508
31.02,-0.05502,1.03895,-0.08691
31.04,-0.05622,1.03824,-0.10228
31.06,-0.05719,1.03561,-0.11314
31.08,-0.0532,1.03478,-0.11258
31.1,-0.05294,1.03955,-0.11407
31.12,-0.04804,1.03662,-0.11541
31.14,-0.04579,1.04027,-0.12161
31.16,-0.04458,1.04506,-0.12528
31.18,-0.04575,1.04082,-0.13463
31.2,-0.04786,1.03521,-0.13416
31.22,-0.0489,1.03921,-0.14805
31.24,-0.05071,1.04421,-0.15936
31.26,-0.04874,1.04387,-0.15813
31.28,-0.04684,1.0541,-0.15571
31.3,-0.04349,1.05007,-0.15871
31.32,-0.03848,1.03831,-0.15545
31.34,-0.0357,1.03588,-0.14913
31.36,-0.03536,1.03534,-0.14023
31.38,-0.03377,1.03584,-0.13144
31.4,-0.03475,1.03685,-0.11487
31.42,-0.03543,1.03992,-0.1002
31.44,-0.03486,1.02888,-0.09155
31.46,-0.03761,1.02332,-0.06794
31.48,-0.04192,1.03018,-0.06736
31.5,-0.04239,1.02124,-0.05587
31.52,-0.04024,1.02149,-0.04661
31.54,-0.0398,1.02802,-0.0385
31.56,-0.04007,1.0279,-0.03395
31.58,-0.04018,1.02657,-0.02986
31.6,-0.03886,1.01771,-0.02905
31.62,-0.04191,1.01654,-0.02544
31.64,-0.0392,1.01693,-0.03358
31.66,-0.04611,1.02514,-0.02514
31.68,-0.04472,1.02717,-0.02429
31.7,-0.04238,1.01707,-0.02772
31.72,-0.04943,1.01988,-0.02975
31.74,-0.04959,1.01966,-0.03212
31.76,-0.05176,1.02065,-0.03283
31.78,-0.04696,1.02656,-0.03317
31.8,-0.04456,1.02402,-0.03402
31.82,-0.03995,1.02177,-0.03799
31.84,-0.03414,1.02744,-0.04504
31.86,-0.03274,1.02767,-0.04189
31.88,-0.02233,1.02047,-0.04815
31.9,-0.02051,1.02447,-0.05276
31.92,-0.01977,1.02553,-0.0467
31.94,-0.01401,1.02476,-0.04845
31.96,-0.01478,1.02575,-0.04885
31.98,-0.01621,1.02404,-0.05073
32,-0.02175,1.02251,-0.05136
32.02,-0.02385,1.02465,-0.04661
32.04,-0.0261,1.02538,-0.03824
32.06,-0.02883,1.0219,-0.037
32.08,-0.03482,1.02195,-0.02786
32.1,-0.03803,1.02102,-0.01831
32.12,-0.03894,1.01575,-0.01075
32.14,-0.04143,1.02307,-0.00215
32.16,-0.04009,1.02158,0.00342
32.18,-0.03791,1.0145,0.01295
32.2,-0.03355,1.01079,0.02982
32.22,-0.02927,1.01142,0.04345
32.24,-0.02593,1.00873,0.05034
32.26,-0.0243,1.00624,0.06174
32.28,-0.02145,1.00742,0.07946
32.3,-0.0178,1.00803,0.09171
32.32,-0.019,1.00644,0.09916
32.34,-0.02145,1.00478,0.10571
32.36,-0.02404,1.00124,0.11503
32.38,-0.02557,1.00121,0.12404
32.4,-0.02869,1.00331,0.12725
32.42,-0.03257,1.00245,0.12892
32.44,-0.03475,1.00088,0.12794
32.46,-0.03572,1.00261,0.13377
32.48,-0.03551,1.00531,0.13546
32.5,-0.03555,1.00012,0.13359
32.52,-0.0347,0.99929,0.12927
32.54,-0.03188,0.99897,0.13223
32.56,-0.02771,0.99891,0.13044
32.58,-0.02384,0.99817,0.13186
32.6,-0.02134,0.99058,0.1354
32.62,-0.02057,0.99797,0.13325
32.64,-0.01903,0.99831,0.13846
32.66,-0.01951,0.99383,0.1404
32.68,-0.01952,0.99517,0.14023
32.7,-0.02126,0.99304,0.14394
32.72,-0.02347,0.99293,0.14533
32.74,-0.02566,0.99039,0.14674
32.76,-0.03026,0.99333,0.14574
32.78,-0.03213,0.99253,0.15459
32.8,-0.03446,0.9905,0.15193
32.82,-0.03563,0.99775,0.14817
32.84,-0.03949,0.99807,0.15606
32.86,-0.03849,0.99543,0.14882
32.88,-0.03532,0.99458,0.14802
32.9,-0.03675,0.99539,0.1505
32.92,-0.03551,0.99716,0.14347
32.94,-0.03195,0.9939,0.14287
32.96,-0.02822,0.9964,0.14407
32.98,-0.02218,0.99606,0.14325
33,-0.01971,0.99503,0.13443
33.02,-0.01772,0.99679,0.135
33.04,-0.01747,0.99574,0.13587
33.06,-0.01556,0.99475,0.13538
33.08,-0.01534,0.99237,0.13727
33.1,-0.01492,0.99404,0.13194
33.12,-0.01874,1.00131,0.13389
33.14,-0.01859,0.99822,0.13693
33.16,-0.02035,0.99546,0.12962
33.18,-0.02417,1.00202,0.13234
33.2,-0.02765,1.00826,0.13508
33.22,-0.0289,0.99964,0.13531
33.24,-0.02867,1.00177,0.1366
33.26,-0.03042,1.00638,0.13974
33.28,-0.02905,0.9945,0.13457
33.3,-0.02711,0.99791,0.13094
33.32,-0.03039,1.01469,0.13922
33.34,-0.0263,1.006,0.13592
33.36,-0.02395,0.99373,0.1309
33.38,-0.02467,0.99784,0.13071
33.4,-0.02559,1.00484,0.12976
33.42,-0.0259,1.00815,0.12966
33.44,-0.023,1.00403,0.13552
33.46,-0.02406,1.00081,0.13403
33.48,-0.02058,0.98969,0.12968
33.5,-0.02093,0.99617,0.12961
33.52,-0.025,1.0197,0.13064
33.54,-0.02482,1.00484,0.13466
33.56,-0.02255,0.98011,0.13122
33.58,-0.02892,1.00085,0.12924
33.6,-0.02906,1.00503,0.13677
33.62,-0.02414,0.99613,0.13674
33.64,-0.01944,0.99518,0.13277
33.66,-0.01964,1.00013,0.13106
33.68,-0.01706,0.99069,0.12926
33.7,-0.01764,0.9979,0.13067
33.72,-0.01792,1.00634,0.12796
33.74,-0.02042,1.00019,0.13456
33.76,-0.01687,0.99194,0.12943
33.78,-0.02126,0.99954,0.12924
33.8,-0.02327,1.0028,0.13266
33.82,-0.0251,1.00774,0.13559
33.84,-0.02292,0.99368,0.12851
33.86,-0.02762,0.99357,0.13225
33.88,-0.02646,1.00143,0.13297
33.9,-0.02627,1.00176,0.13267
33.92,-0.02627,1.0078,0.12709
33.94,-0.028,1.00601,0.13656
33.96,-0.02247,0.98707,0.13311
33.98,-0.02505,0.99399,0.13054
34,-0.02376,1.00615,0.13117
34.02,-0.01996,1.00493,0.13492
34.04,-0.01656,0.99186,0.13014
34.06,-0.01595,0.99908,0.13578
34.08,-0.01684,1.0048,0.13251
34.1,-0.01935,0.99274,0.1341
34.12,-0.01977,1.00447,0.12829
34.14,-0.02587,1.00902,0.13777
34.16,-0.01999,0.98568,0.13641
34.18,-0.02159,0.99829,0.13131
34.2,-0.02433,1.01094,0.1369
34.22,-0.02043,0.99866,0.14345
34.24,-0.01767,0.99368,0.13208
34.26,-0.02092,1.00406,0.13804
34.28,-0.02465,1.0043,0.13799
34.3,-0.02223,0.9927,0.14196
34.32,-0.02304,1.0037,0.13536
34.34,-0.02472,1.00165,0.1443
34.36,-0.02064,0.98729,0.13875
34.38,-0.02584,1.00395,0.13834
34.4,-0.02655,1.01001,0.14472
34.42,-0.02423,0.99372,0.14237
34.44,-0.02241,0.98801,0.13303
34.46,-0.02697,1.00115,0.1497
34.48,-0.02484,1.00336,0.14766
34.5,-0.02032,0.99122,0.14508
34.52,-0.01805,0.99658,0.14307
34.54,-0.01613,1.00177,0.1429
34.56,-0.01632,0.99264,0.13598
34.58,-0.01444,0.99622,0.13984
34.6,-0.01766,1.01514,0.14076
34.62,-0.01681,0.99114,0.13708
34.64,-0.01501,0.98772,0.13056
34.66,-0.02558,1.024,0.1426
34.68,-0.02283,1.00235,0.14157
34.7,-0.01752,0.98673,0.13531
34.72,-0.02111,1.00932,0.13621
34.74,-0.02468,1.00511,0.13379
34.76,-0.02514,0.99486,0.13391
34.78,-0.02386,1.01044,0.14208
34.8,-0.02843,1.00706,0.13709
34.82,-0.02381,0.98545,0.13552
34.84,-0.02429,1.00649,0.13546
34.86,-0.0259,1.00869,0.14496
34.88,-0.01483,0.98728,0.13819
34.9,-0.01437,0.998,0.13017
34.92,-0.01582,1.00264,0.13087
34.94,-0.02165,1.00021,0.12801
34.96,-0.01863,0.9934,0.13598
34.98,-0.01912,1.0058,0.1401
35,-0.02002,0.9924,0.13247
35.02,-0.01754,0.99081,0.1389
35.04,-0.01632,1.00651,0.13434
35.06,-0.01684,0.99134,0.13787
35.08,-0.01309,0.99571,0.13296
35.1,-0.01649,1.00049,0.12857
35.12,-0.01883,0.991,0.13416
35.14,-0.01984,1.00174,0.13189
35.16,-0.0188,0.99801,0.13671
35.18,-0.02031,0.99869,0.13805
35.2,-0.01909,0.99152,0.12795
35.22,-0.02234,1.00164,0.13292
35.24,-0.02009,0.99911,0.12947
35.26,-0.02085,0.99065,0.13008
35.28,-0.02079,1.00242,0.13478
35.3,-0.02104,0.9948,0.12951
35.32,-0.02529,0.99273,0.13261
35.34,-0.02252,1.00259,0.12596
35.36,-0.02903,1.00283,0.13396
35.38,-0.02407,0.99321,0.13685
35.4,-0.02382,0.99892,0.12402
35.42,-0.02938,0.99702,0.13514
35.44,-0.02282,0.98975,0.13464
35.46,-0.02303,1.00269,0.13225
35.48,-0.02315,1.00473,0.1367
35.5,-0.01911,0.9925,0.1251
35.52,-0.02465,0.9986,0.13153
35.54,-0.02351,1.00075,0.13408
35.56,-0.02182,1.00134,0.13283
35.58,-0.02113,1.00735,0.13103
35.6,-0.02093,1.00128,0.131
35.62,-0.02393,0.99479,0.1329
35.64,-0.02193,0.99316,0.1332
35.66,-0.02271,1.00844,0.1292
35.68,-0.02755,1.01001,0.13471
35.7,-0.0229,0.98756,0.13445
35.72,-0.02508,0.99184,0.13408
35.74,-0.02297,0.99384,0.13479
35.76,-0.01746,1.00916,0.132
35.78,-0.02317,1.00959,0.13664
35.8,-0.01755,0.9751,0.1352
35.82,-0.01953,0.98723,0.12592
35.84,-0.01942,1.00241,0.12904
35.86,-0.02028,1.02142,0.13117
35.88,-0.0193,0.9992,0.13615
35.9,-0.01545,0.97778,0.12926
35.92,-0.02168,0.9971,0.12687
35.94,-0.02299,1.01038,0.12982
35.96,-0.02746,1.01731,0.13499
35.98,-0.02624,0.98545,0.13172
36,-0.02551,0.98441,0.1241
36.02,-0.02923,1.0087,0.12975
36.04,-0.02757,1.01587,0.12909
36.06,-0.02718,1.00403,0.12286
36.08,-0.02491,0.98047,0.12089
36.1,-0.02836,0.99874,0.1145
36.12,-0.02776,1.00876,0.11535
36.14,-0.02391,1.01893,0.11552
36.16,-0.02381,1.00467,0.11763
36.18,-0.01578,0.9809,0.10304
36.2,-0.02181,1.00142,0.10239
36.22,-0.02018,1.00713,0.11296
36.24,-0.02023,1.01327,0.10219
36.26,-0.01921,0.99688,0.11124
36.28,-0.01779,0.99987,0.10717
36.3,-0.02242,1.00188,0.10662
36.32,-0.01992,1.00197,0.10866
36.34,-0.02762,1.01609,0.10763
36.36,-0.03236,0.9903,0.10718
36.38,-0.03017,0.98961,0.10646
36.4,-0.03636,1.01465,0.10829
36.42,-0.0356,1.02109,0.11143
36.44,-0.03441,1.00731,0.10567
36.46,-0.03097,0.99288,0.1046
36.48,-0.03032,0.99742,0.09661
36.5,-0.03064,1.00191,0.09928
36.52,-0.02786,1.02245,0.10241
36.54,-0.02404,1.0052,0.10174
36.56,-0.01507,0.99123,0.09938
36.58,-0.01254,0.99627,0.09617
36.6,-0.01577,1.01095,0.0916
36.62,-0.01579,1.01405,0.09936
36.64,-0.01162,0.99055,0.09553
36.66,-0.01198,0.99697,0.09397
36.68,-0.01684,1.0015,0.10003
36.7,-0.02095,1.01366,0.10194
36.72,-0.02043,1.00892,0.10992
36.74,-0.01966,0.99402,0.103
36.76,-0.02537,0.99505,0.09959
36.78,-0.03008,0.99945,0.11101
36.8,-0.02751,1.0215,0.11327
36.82,-0.02773,1.00456,0.10624
36.84,-0.02665,0.99097,0.11003
36.86,-0.02731,0.99957,0.10411
36.88,-0.03026,1.00062,0.11258
36.9,-0.02725,1.01921,0.11295
36.92,-0.02645,0.99802,0.111
36.94,-0.02689,0.98866,0.10609
36.96,-0.02983,1.00315,0.10929
36.98,-0.02988,1.00532,0.11182
37,-0.02683,1.0158,0.11041
37.02,-0.02738,0.99616,0.10263
37.04,-0.02887,0.99123,0.10926
37.06,-0.03138,1.01035,0.11112
37.08,-0.0352,1.01222,0.11655
37.1,-0.03226,1.00667,0.11167
37.12,-0.03137,0.99119,0.10304
37.14,-0.02976,1.00551,0.10478
37.16,-0.02135,1.01375,0.10561
37.18,-0.00832,1.00659,0.09896
37.2,-0.00605,1.01266,0.09757
37.22,0.00166,0.98739,0.08536
37.24,-0.00311,1.00955,0.09135
37.26,-0.00346,1.01346,0.09715
37.28,0.00271,0.99392,0.0858
37.3,-0.00288,1.00818,0.08936
37.32,-0.00268,0.99875,0.08888
37.34,-0.06942,0.96251,0.08287
37.36,-0.01681,0.92376,0.08897
37.38,0.0419,1.01021,0.10938
37.4,0.0087,1.03808,0.13276
37.42,0.0101,1.0329,0.12766
37.44,0.00499,1.05064,0.13572
37.46,0.01084,1.03822,0.13974
37.48,0.01897,1.05122,0.14056
37.5,0.02261,1.06255,0.14691
37.52,0.04164,1.05246,0.15162
